nombre,celular,dni,pin
Xander Morse,088-507-4258,1494910,7090
Penelope Lowery,(451)-147-8425,1555590,4710
Uta Wolf,(487)-351-6896,1637440,7328
Nevada Mcbride,(994)-590-6017,2087720,7683
Nasim Le,028-949-3771,2545670,9243
Thor Gonzales,043-307-1063,2639150,9977
Kimberly Summers,(101)-144-0395,2646710,6570
Lynn Morrison,(862)-697-9318,2705610,2439
Sybill Cortez,(467)-352-2024,2990120,4923
Serina Flynn,(450)-436-0589,3124960,8115
Demetrius Tanner,081-109-6279,3157940,2874
Sage Combs,(956)-837-8970,3395300,8071
Macon Hancock,068-122-4454,3450770,6220
Camille Washington,(481)-116-2694,3519960,4334
Declan Knox,017-650-0608,3672110,4781
Rhea Monroe,(713)-354-9596,3771470,5738
Omar Weaver,082-907-1645,4205820,4941
Echo Trevino,(933)-184-9144,4306090,1005
Ralph Schwartz,026-885-8307,4349060,9475
Odysseus Keller,062-658-6371,4444490,7114
Rae Sloan,(616)-498-2654,4571260,3043
Nasim Faulkner,013-854-8004,4636830,6872
Tiger Maldonado,000-635-6548,4642030,7693
Knox Hubbard,009-153-8907,4661990,3904
Kameko Kane,(703)-844-5408,4687130,5759
Ivor Curry,040-193-4268,4826250,3364
Zeph Haney,098-338-8632,4918210,3037
Carson Griffin,064-856-1342,4926290,4240
Nina Holman,(761)-600-5161,4966840,9302
Galvin French,071-122-5569,4967820,8945
Colorado Sargent,026-097-5725,4973300,2084
Melinda Maxwell,(761)-762-7860,4975210,7114
Finn Deleon,014-577-3140,4979870,2323
Paula Stuart,(281)-961-2285,4981590,8267
Leila Kramer,(571)-320-5702,4989650,3877
TaShya Barron,(368)-184-3039,4989780,6013
Marcia Mcconnell,(181)-102-7362,4992070,9527
Warren Moreno,023-419-6164,5003530,6748
Wylie Norman,029-234-1400,5008720,5051
Adara Spence,(283)-823-0804,5011530,3053
Lisandra Montgomery,(217)-163-8241,5011630,3270
Benjamin Francis,068-713-5452,5011970,5731
Harding Villarreal,061-732-2609,5043460,3854
Carly Cotton,(312)-494-6111,5054910,8560
Marshall Wise,048-221-7936,5055570,2879
Shaeleigh Douglas,(902)-942-2943,5065950,8239
Erin Finley,(561)-837-4983,5066680,2140
Malcolm Watkins,038-086-2931,5077210,4954
Kelly Woodard,090-105-2413,5100950,7218
Griffith Horton,048-224-3728,5119190,2467
